id,first_name,last_name,email,gender,Height,Color
1,Hephzibah,Crayke,hcrayke0@163.com,Female,5ft 3in,Fair
2,Poppy,Fagence,pfagence1@people.com.cn,Female,5ft 3in,Wheatish
3,Jany,Heino,jheino2@independent.co.uk,Female,5ft 3in,Oilve
4,Liane,Lewer,llewer3@mlb.com,Female,5ft 3in,Brown
5,Ramsey,Hele,rhele4@hatena.ne.jp,Male,6ft 2in,Extremely Fair
6,Malinda,Vittore,mvittore5@europa.eu,Female,5ft 3in,Dark brown
7,Dmitri,Titchmarsh,dtitchmarsh6@xinhuanet.com,Male,6ft 2in,Fair
8,Vitoria,Armell,varmell7@constantcontact.com,Female,5ft 3in,Wheatish
9,Belicia,McKirton,bmckirton8@jugem.jp,Female,5ft 3in,Oilve
10,Griffin,Silk,gsilk9@yahoo.com,Male,6ft 2in,Brown
11,Bettye,Schutte,bschuttea@blogs.com,Female,5ft 3in,Extremely Fair
12,Phillis,Mellonby,pmellonbyb@jimdo.com,Non-binary,5ft 11in,Dark brown
13,Gunilla,Chaise,gchaisec@com.com,Female,5ft 3in,Fair
14,Phillie,Hodges,phodgesd@twitter.com,Female,5ft 3in,Wheatish
15,Nixie,Troop,ntroope@ifeng.com,Female,5ft 3in,Oilve
16,Millicent,Lammerts,mlammertsf@webeden.co.uk,Agender,5ft 11in,Brown
17,Britt,Probate,bprobateg@sakura.ne.jp,Male,6ft 2in,Extremely Fair
18,Augustine,Parris,aparrish@nasa.gov,Female,5ft 3in,Dark brown
19,Sibyl,Bartelot,sbarteloti@ed.gov,Male,6ft 2in,Fair
20,Cirillo,Blizard,cblizardj@earthlink.net,Male,6ft 2in,Wheatish
21,Barrie,Anscott,banscottk@123-reg.co.uk,Male,6ft 2in,Oilve
22,Wash,Ivancevic,wivancevicl@linkedin.com,Male,6ft 2in,Brown
23,Del,Brougham,dbroughamm@examiner.com,Male,6ft 2in,Extremely Fair
24,Erasmus,Breitling,ebreitlingn@ustream.tv,Male,6ft 2in,Dark brown
25,Raddie,Groucutt,rgroucutto@sogou.com,Male,6ft 2in,Fair
26,Jasmine,Purser,jpurserp@google.nl,Bigender,5ft 11in,Wheatish
27,Joshia,Penrice,jpenriceq@nba.com,Male,6ft 2in,Oilve
28,Guinevere,Awin,gawinr@upenn.edu,Female,5ft 3in,Brown
29,Alister,Lodin,alodins@ifeng.com,Male,6ft 2in,Extremely Fair
30,Britteny,Duffrie,bduffriet@qq.com,Female,5ft 3in,Dark brown
31,Tedra,Havik,thaviku@tripadvisor.com,Female,5ft 3in,Fair
32,Iago,Arlett,iarlettv@naver.com,Male,6ft 2in,Wheatish
33,Myra,Guys,mguysw@mayoclinic.com,Female,5ft 3in,Oilve
34,Farrell,MacCleod,fmaccleodx@ft.com,Male,6ft 2in,Brown
35,Donna,Gooder,dgoodery@wufoo.com,Female,5ft 3in,Extremely Fair
36,Marve,Laurenty,mlaurentyz@friendfeed.com,Male,6ft 2in,Dark brown
37,Marris,Gladding,mgladding10@163.com,Female,5ft 3in,Fair
38,Rosita,Winsiowiecki,rwinsiowiecki11@printfriendly.com,Female,5ft 3in,Wheatish
39,Kimberlee,Tante,ktante12@answers.com,Female,5ft 3in,Oilve
40,Vergil,Genders,vgenders13@tmall.com,Male,6ft 2in,Brown
41,Norton,Bowfin,nbowfin14@moonfruit.com,Male,6ft 2in,Extremely Fair
42,Maxi,Mattecot,mmattecot15@google.es,Female,5ft 3in,Dark brown
43,Libbi,Ely,lely16@shareasale.com,Female,5ft 3in,Fair
44,Lydie,Galley,lgalley17@statcounter.com,Female,5ft 3in,Wheatish
45,Leonardo,Ewers,lewers18@ca.gov,Male,6ft 2in,Oilve
46,Starr,Paik,spaik19@slashdot.org,Female,5ft 3in,Brown
47,Modesta,Stannion,mstannion1a@ebay.com,Female,5ft 3in,Extremely Fair
48,Zorina,Davion,zdavion1b@phoca.cz,Female,5ft 3in,Dark brown
49,Karen,MacSkeaghan,kmacskeaghan1c@twitpic.com,Female,5ft 3in,Fair
50,Urson,Tebboth,utebboth1d@cam.ac.uk,Male,6ft 2in,Wheatish
51,Virginie,Stickens,vstickens1e@addthis.com,Genderqueer,5ft 11in,Oilve
52,Ingrim,Bachs,ibachs1f@sogou.com,Male,6ft 2in,Brown
53,Kelvin,Saltmarshe,ksaltmarshe1g@360.cn,Male,6ft 2in,Extremely Fair
54,Kaylyn,Statton,kstatton1h@fotki.com,Female,5ft 3in,Dark brown
55,Rochette,Thurley,rthurley1i@zdnet.com,Female,5ft 3in,Fair
56,Darsey,Blouet,dblouet1j@microsoft.com,Female,5ft 3in,Wheatish
57,Brunhilde,Philipps,bphilipps1k@wiley.com,Female,5ft 3in,Oilve
58,Leonerd,Backman,lbackman1l@altervista.org,Male,6ft 2in,Brown
59,Orazio,Lakeland,olakeland1m@feedburner.com,Bigender,5ft 11in,Extremely Fair
60,Emalia,Oldaker,eoldaker1n@google.ca,Female,5ft 3in,Dark brown
61,Ricki,Gooders,rgooders1o@youtu.be,Female,5ft 3in,Fair
62,Hinda,Mussington,hmussington1p@biglobe.ne.jp,Female,5ft 3in,Wheatish
63,Stanford,Runchman,srunchman1q@mlb.com,Male,6ft 2in,Oilve
64,Niels,Lomax,nlomax1r@webmd.com,Male,6ft 2in,Brown
65,Cathe,Maffeo,cmaffeo1s@youtu.be,Female,5ft 3in,Extremely Fair
66,Myra,Davers,mdavers1t@wikia.com,Female,5ft 3in,Dark brown
67,Diane-marie,Jeal,djeal1u@plala.or.jp,Female,5ft 3in,Fair
68,Sheri,Ryle,sryle1v@tuttocitta.it,Female,5ft 3in,Wheatish
69,Antonin,Jankowski,ajankowski1w@mail.ru,Male,6ft 2in,Oilve
70,Red,Barnard,rbarnard1x@sourceforge.net,Male,6ft 2in,Brown
71,Papageno,Rubinsaft,prubinsaft1y@springer.com,Male,6ft 2in,Extremely Fair
72,Nealon,Shimmin,nshimmin1z@deliciousdays.com,Male,6ft 2in,Dark brown
73,Jackquelin,Elland,jelland20@adobe.com,Non-binary,5ft 11in,Fair
74,Val,Munsey,vmunsey21@quantcast.com,Male,6ft 2in,Wheatish
75,Shaine,Pelos,spelos22@hibu.com,Female,5ft 3in,Oilve
76,Cross,Benedek,cbenedek23@csmonitor.com,Male,6ft 2in,Brown
77,Joann,Ottawell,jottawell24@cdc.gov,Non-binary,5ft 11in,Extremely Fair
78,Aubrey,Finey,afiney25@behance.net,Non-binary,5ft 11in,Dark brown
79,Shaun,Sanbrooke,ssanbrooke26@phpbb.com,Male,6ft 2in,Fair
80,Ricoriki,Pflieger,rpflieger27@purevolume.com,Male,6ft 2in,Wheatish
81,Heywood,Danslow,hdanslow28@businesswire.com,Male,6ft 2in,Oilve
82,Sven,Aleixo,saleixo29@people.com.cn,Male,6ft 2in,Brown
83,Darleen,McLeish,dmcleish2a@independent.co.uk,Female,5ft 3in,Extremely Fair
84,Scot,Piercy,spiercy2b@indiegogo.com,Male,6ft 2in,Dark brown
85,Rochette,Duchesne,rduchesne2c@webnode.com,Female,5ft 3in,Fair
86,Sonni,Gierth,sgierth2d@java.com,Female,5ft 3in,Wheatish
87,Kayne,Ogelsby,kogelsby2e@psu.edu,Genderqueer,5ft 11in,Oilve
88,Stevy,Vidyapin,svidyapin2f@xrea.com,Male,6ft 2in,Brown
89,Nikoletta,Goranov,ngoranov2g@dot.gov,Female,5ft 3in,Extremely Fair
90,Maryanna,Clemmett,mclemmett2h@flickr.com,Female,5ft 3in,Dark brown
91,Angela,Comrie,acomrie2i@washingtonpost.com,Female,5ft 3in,Fair
92,Cullin,Couvert,ccouvert2j@uol.com.br,Male,6ft 2in,Wheatish
93,Trenton,Bartrop,tbartrop2k@va.gov,Male,6ft 2in,Oilve
94,Fan,Booy,fbooy2l@w3.org,Female,5ft 3in,Brown
95,Isidore,Fidgeon,ifidgeon2m@microsoft.com,Male,6ft 2in,Extremely Fair
96,Nikkie,Roz,nroz2n@sphinn.com,Female,5ft 3in,Dark brown
97,Jermaine,Silmon,jsilmon2o@marriott.com,Male,6ft 2in,Fair
98,Jsandye,Dockrey,jdockrey2p@xinhuanet.com,Female,5ft 3in,Wheatish
99,Uriah,Scinelli,uscinelli2q@cdc.gov,Male,6ft 2in,Oilve
100,Sallie,Foffano,sfoffano2r@tamu.edu,Genderqueer,5ft 11in,Brown
101,Dyann,Gadesby,dgadesby2s@pinterest.com,Female,5ft 3in,Extremely Fair
102,Broddie,Birdwhistell,bbirdwhistell2t@mtv.com,Male,6ft 2in,Dark brown
103,Fabien,Dightham,fdightham2u@elegantthemes.com,Male,6ft 2in,Fair
104,Perren,Wintringham,pwintringham2v@dion.ne.jp,Male,6ft 2in,Wheatish
105,Engelbert,Idle,eidle2w@simplemachines.org,Male,6ft 2in,Oilve
106,Adler,Hallas,ahallas2x@jalbum.net,Male,6ft 2in,Brown
107,Betteann,Stranahan,bstranahan2y@indiegogo.com,Female,5ft 3in,Extremely Fair
108,Tades,Keddie,tkeddie2z@4shared.com,Male,6ft 2in,Dark brown
109,April,Raulstone,araulstone30@weebly.com,Female,5ft 3in,Fair
110,Rossie,Sorrel,rsorrel31@wisc.edu,Male,6ft 2in,Wheatish
111,Melinde,Hanbury-Brown,mhanburybrown32@tinyurl.com,Female,5ft 3in,Oilve
112,Aldous,Kubala,akubala33@cdbaby.com,Male,6ft 2in,Brown
113,Darya,Miles,dmiles34@google.pl,Female,5ft 3in,Extremely Fair
114,Frederica,Troy,ftroy35@slashdot.org,Female,5ft 3in,Dark brown
115,Cully,Sowley,csowley36@sciencedirect.com,Male,6ft 2in,Fair
116,Graham,Beckmann,gbeckmann37@chicagotribune.com,Male,6ft 2in,Wheatish
117,Mendie,Pavlishchev,mpavlishchev38@wisc.edu,Male,6ft 2in,Oilve
118,Rachele,Jurisch,rjurisch39@jimdo.com,Female,5ft 3in,Brown
119,Bryce,Tatnell,btatnell3a@blinklist.com,Male,6ft 2in,Extremely Fair
120,Paxton,Kacheller,pkacheller3b@buzzfeed.com,Male,6ft 2in,Dark brown
121,Carolin,Klimentyev,cklimentyev3c@craigslist.org,Female,5ft 3in,Fair
122,Shaw,Pennicard,spennicard3d@bravesites.com,Male,6ft 2in,Wheatish
123,Abby,Gittus,agittus3e@oaic.gov.au,Female,5ft 3in,Oilve
124,Al,Crossby,acrossby3f@example.com,Male,6ft 2in,Brown
125,Duffie,Noton,dnoton3g@indiatimes.com,Male,6ft 2in,Extremely Fair
126,Brantley,Harget,bharget3h@nymag.com,Male,6ft 2in,Dark brown
127,Leodora,Venart,lvenart3i@google.com.br,Female,5ft 3in,Fair
128,Frederick,Boatright,fboatright3j@dell.com,Genderqueer,5ft 11in,Wheatish
129,Tressa,Faustian,tfaustian3k@slate.com,Female,5ft 3in,Oilve
130,Clementine,Glendenning,cglendenning3l@stanford.edu,Female,5ft 3in,Brown
131,Hugibert,Brawn,hbrawn3m@behance.net,Male,6ft 2in,Extremely Fair
132,Moore,Roja,mroja3n@squidoo.com,Male,6ft 2in,Dark brown
133,Edithe,Plowell,eplowell3o@home.pl,Non-binary,5ft 11in,Fair
134,Ebonee,Soper,esoper3p@surveymonkey.com,Female,5ft 3in,Wheatish
135,Abrahan,Swoffer,aswoffer3q@nytimes.com,Male,6ft 2in,Oilve
136,Nicolette,Somersett,nsomersett3r@themeforest.net,Female,5ft 3in,Brown
137,Rici,Shortt,rshortt3s@nationalgeographic.com,Female,5ft 3in,Extremely Fair
138,Katerina,Loft,kloft3t@furl.net,Female,5ft 3in,Dark brown
139,Giacopo,Ruberry,gruberry3u@mapquest.com,Male,6ft 2in,Fair
140,Sile,Roome,sroome3v@is.gd,Bigender,5ft 11in,Wheatish
141,Dynah,Nanni,dnanni3w@mac.com,Female,5ft 3in,Oilve
142,Yves,Cudby,ycudby3x@apache.org,Male,6ft 2in,Brown
143,Delora,McMorland,dmcmorland3y@fastcompany.com,Female,5ft 3in,Extremely Fair
144,Adrianna,Fairtlough,afairtlough3z@prweb.com,Female,5ft 3in,Dark brown
145,Kenny,Hutcheon,khutcheon40@cornell.edu,Male,6ft 2in,Fair
146,Matty,Kenset,mkenset41@opensource.org,Female,5ft 3in,Wheatish
147,Jedediah,Lurner,jlurner42@squarespace.com,Male,6ft 2in,Oilve
148,Gayle,Driver,gdriver43@baidu.com,Female,5ft 3in,Brown
149,Konstantine,Denniss,kdenniss44@ted.com,Male,6ft 2in,Extremely Fair
150,Sol,Purry,spurry45@amazon.co.uk,Male,6ft 2in,Dark brown
151,Myles,Screwton,mscrewton46@answers.com,Male,6ft 2in,Fair
152,Yuma,John,yjohn47@amazon.de,Male,6ft 2in,Wheatish
153,Gwynne,Klaggeman,gklaggeman48@plala.or.jp,Female,5ft 3in,Oilve
154,Hali,Fishlock,hfishlock49@over-blog.com,Female,5ft 3in,Brown
155,Phillipp,Branchflower,pbranchflower4a@home.pl,Male,6ft 2in,Extremely Fair
156,Evelin,Matic,ematic4b@newyorker.com,Male,6ft 2in,Dark brown
157,Edith,Sheber,esheber4c@netvibes.com,Female,5ft 3in,Fair
158,Lorain,Korpolak,lkorpolak4d@senate.gov,Female,5ft 3in,Wheatish
159,Aggy,Bulleyn,abulleyn4e@sciencedaily.com,Female,5ft 3in,Oilve
160,Nicolle,Finnigan,nfinnigan4f@theguardian.com,Female,5ft 3in,Brown
161,Geneva,Goude,ggoude4g@slideshare.net,Female,5ft 3in,Extremely Fair
162,Ada,Palethorpe,apalethorpe4h@umn.edu,Female,5ft 3in,Dark brown
163,Douglas,Leftly,dleftly4i@barnesandnoble.com,Male,6ft 2in,Fair
164,Easter,Dyer,edyer4j@arizona.edu,Female,5ft 3in,Wheatish
165,Bryna,Woolner,bwoolner4k@geocities.jp,Female,5ft 3in,Oilve
166,Emanuel,Gregoratti,egregoratti4l@pagesperso-orange.fr,Agender,5ft 11in,Brown
167,Vinni,Thurling,vthurling4m@sitemeter.com,Non-binary,5ft 11in,Extremely Fair
168,Deerdre,Bowe,dbowe4n@ted.com,Female,5ft 3in,Dark brown
169,Emma,Coule,ecoule4o@youtube.com,Female,5ft 3in,Fair
170,Loella,Alberti,lalberti4p@ocn.ne.jp,Female,5ft 3in,Wheatish
171,Emmi,Dullaghan,edullaghan4q@omniture.com,Female,5ft 3in,Oilve
172,Veronike,Dollard,vdollard4r@walmart.com,Female,5ft 3in,Brown
173,Joyous,Bavister,jbavister4s@globo.com,Female,5ft 3in,Extremely Fair
174,Philbert,Creavin,pcreavin4t@umn.edu,Agender,5ft 11in,Dark brown
175,Gardy,Mattessen,gmattessen4u@sun.com,Male,6ft 2in,Fair
176,Ashley,Bransgrove,abransgrove4v@cbslocal.com,Male,6ft 2in,Wheatish
177,Ezri,Klesl,eklesl4w@studiopress.com,Male,6ft 2in,Oilve
178,Jermayne,Turnor,jturnor4x@wikipedia.org,Male,6ft 2in,Brown
179,Isis,Feake,ifeake4y@theatlantic.com,Polygender,5ft 11in,Extremely Fair
180,Candace,Ghost,cghost4z@t-online.de,Female,5ft 3in,Dark brown
181,Enrichetta,Cockroft,ecockroft50@marketwatch.com,Female,5ft 3in,Fair
182,Fayette,Okie,fokie51@sciencedaily.com,Female,5ft 3in,Wheatish
183,Aeriela,Boyd,aboyd52@g.co,Female,5ft 3in,Oilve
184,Filberto,Pedreschi,fpedreschi53@yolasite.com,Male,6ft 2in,Brown
185,Angil,Briggdale,abriggdale54@histats.com,Female,5ft 3in,Extremely Fair
186,Brina,Emblow,bemblow55@geocities.com,Bigender,5ft 11in,Dark brown
187,Horace,Poppleton,hpoppleton56@flickr.com,Male,6ft 2in,Fair
188,Andriana,Wormell,awormell57@mapy.cz,Female,5ft 3in,Wheatish
189,Jdavie,Ghidoli,jghidoli58@fema.gov,Non-binary,5ft 11in,Oilve
190,Shea,Gyurkovics,sgyurkovics59@furl.net,Female,5ft 3in,Brown
191,Roberto,Peal,rpeal5a@infoseek.co.jp,Male,6ft 2in,Extremely Fair
192,Raoul,Hatton,rhatton5b@ustream.tv,Male,6ft 2in,Dark brown
193,Man,McAlindon,mmcalindon5c@epa.gov,Male,6ft 2in,Fair
194,Shirl,Haylands,shaylands5d@hugedomains.com,Female,5ft 3in,Wheatish
195,Pollyanna,Philippard,pphilippard5e@epa.gov,Female,5ft 3in,Oilve
196,Mervin,Abbado,mabbado5f@rambler.ru,Male,6ft 2in,Brown
197,Jamima,Yashin,jyashin5g@360.cn,Female,5ft 3in,Extremely Fair
198,Charisse,Aleksandrikin,caleksandrikin5h@rakuten.co.jp,Female,5ft 3in,Dark brown
199,Agnella,Elderidge,aelderidge5i@google.it,Female,5ft 3in,Fair
200,Lydia,McCroft,lmccroft5j@paypal.com,Genderqueer,5ft 11in,Wheatish
